,Dist,Year,Yield,Rain,N_TC,P_TC,K_TC,NPK_TC
0,901.0,1966.0,0.39658048373644705,1145.0,28.204058938003893,9.216013344453712,3.947734222963581,41.367806505421186
1,901.0,1967.0,0.64748883173142,1061.0,49.26221740896169,22.01164207391363,5.374306213618519,76.64816569649383
2,901.0,1968.0,0.5448803191489362,1212.0,66.3065159574468,50.36569148936171,10.638297872340425,127.31050531914894
3,901.0,1969.0,0.5538689374305813,1563.0,200.7034431691966,113.92077008515363,51.24028137726768,365.8644946316179
4,901.0,1970.0,0.6969829470922605,1428.0,149.84696108439002,75.40445999125491,36.620026235242676,261.8714473108876
5,901.0,1971.0,0.8249681528662421,1392.0,-0.025477707006369428,-0.025477707006369428,-0.025477707006369428,-0.025477707006369428
6,901.0,1973.0,0.4553032480597873,1665.0,168.9853406151193,45.2141419948261,28.082782408738144,242.28226501868355
7,901.0,1974.0,0.7994117647058824,1803.0,246.64705882352942,48.8235294117647,45.85294117647059,341.3235294117647
8,901.0,1975.0,0.6300138312586444,1280.0,251.41770401106498,49.34301521438451,33.748271092669434,334.50899031811895
9,901.0,1976.0,0.6151456310679612,1247.0,388.4271844660194,67.10679611650485,37.786407766990294,493.3203883495146
10,901.0,1977.0,0.676923076923077,1392.0,455.8371040723982,82.89592760180994,49.45701357466063,588.1900452488687
11,901.0,1978.0,1.5384615384615385,1455.0,926.5384615384615,171.3846153846154,97.23076923076923,1195.1538461538462
12,901.0,1979.0,0.55,1248.0,572.0,108.25,56.1,736.35
13,901.0,1980.0,0.8333333333333334,1368.0,716.2777777777778,163.94444444444446,92.77777777777777,973.0
14,901.0,1981.0,0.7058823529411765,1527.0,808.2352941176471,177.88235294117646,88.11764705882354,1074.235294117647
15,901.0,1982.0,0.7602739726027398,942.0,984.6575342465753,225.13698630136986,116.57534246575342,1326.3698630136987
16,901.0,1983.0,0.7332185886402754,1155.0,1705.6798623063685,497.0740103270224,297.2461273666093,2500.0
17,901.0,1984.0,0.7852077001013171,1548.0,2250.3546099290784,631.0030395136779,303.24214792299904,3184.599797365755
18,901.0,1985.0,0.9410526315789474,1734.0,2732.842105263158,792.9473684210526,340.8421052631579,3866.6315789473683
19,901.0,1986.0,0.7779237844940867,1754.0,3749.2772667542704,891.9842312746385,375.0328515111695,5016.294349540079
20,901.0,1987.0,0.8168789808917197,1491.0,4543.312101910828,1080.8917197452229,454.45859872611464,6078.662420382166
21,901.0,1988.0,1.0127931769722813,951.0,8989.12579957356,2298.507462686567,1037.5266524520255,12325.159914712152
22,901.0,1989.0,1.3665689149560116,1281.5,-0.29325513196480935,-0.29325513196480935,-0.29325513196480935,-0.29325513196480935
23,901.0,1990.0,1.035294117647059,1102.0,-0.19607843137254904,-0.19607843137254904,-0.19607843137254904,-0.19607843137254904
24,901.0,1991.0,0.9324324324324322,994.0,-0.2252252252252252,-0.2252252252252252,-0.2252252252252252,-0.2252252252252252
25,901.0,1992.0,1.0618556701030928,881.0,14538.831615120274,3226.1168384879725,803.0927835051546,18568.0412371134
26,901.0,1993.0,1.305466237942122,1255.0,17392.282958199357,2126.3665594855306,497.427652733119,20016.077170418008
27,902.0,1966.0,0.30443367438520913,636.0,21.19906659486627,6.928738108059594,2.297612636869503,30.42541733979537
28,902.0,1967.0,0.644786910197869,1081.0,42.67503805175038,14.269406392694064,4.41400304414003,61.358447488584474
29,902.0,1968.0,0.5426302265825741,987.0,64.44755898154636,17.40247605699603,6.704041111889745,88.55407615043214
30,902.0,1969.0,0.5515088449531738,1328.0,110.56191467221645,28.563995837669097,16.181061394380855,155.3069719042664
31,902.0,1970.0,0.5940761636107192,933.0,137.88434414668546,4.569816643159379,16.530324400564172,158.984485190409
32,902.0,1971.0,0.6289116588202714,849.0,189.8643035170313,21.48989199667682,9.581833287178068,220.9360288008862
33,902.0,1972.0,0.6560350218886805,998.0,210.8505315822389,29.487179487179485,39.61851156973108,279.9562226391495
34,902.0,1973.0,0.7023854600530103,1549.0,230.02650511170012,55.547141234380916,52.63157894736842,338.2052252934495
35,902.0,1974.0,0.6197996918335901,1677.0,305.3543913713405,38.867488443759626,30.084745762711865,374.306625577812
36,902.0,1975.0,0.6695921528136293,1191.0,518.9468249870935,72.53484770263293,46.82498709344347,638.3066597831698
37,902.0,1976.0,0.48436541998773763,1247.0,747.0263641937462,80.87063151440834,51.13427345187002,879.0312691600246
38,902.0,1977.0,0.6200545702592087,1184.0,1076.8076398362891,228.1036834924966,120.05457025920873,1424.9658935879945
39,902.0,1978.0,0.6923076923076923,1344.0,1226.6923076923076,258.0769230769231,139.46153846153845,1624.2307692307693
40,902.0,1979.0,0.75,1160.0,1834.625,341.75,229.375,2405.75
41,902.0,1980.0,0.8,1274.0,1463.1,240.6,117.2,1820.9
42,902.0,1981.0,0.6666666666666666,1719.0,1443.111111111111,277.55555555555554,167.77777777777777,1888.4444444444443
43,902.0,1982.0,0.8012345679012346,961.0,1416.9135802469136,426.17283950617286,222.46913580246914,2065.5555555555557
44,902.0,1983.0,0.9222222222222223,1100.0,2200.3703703703704,519.6296296296297,276.2962962962963,2996.2962962962965
45,902.0,1984.0,0.7927807486631016,1172.0,2246.657754010695,682.4866310160428,349.4652406417112,3278.609625668449
46,902.0,1985.0,0.9206106870229008,1847.0,3719.3893129770995,1215.7251908396947,415.2671755725191,5350.381679389313
47,902.0,1986.0,0.7536231884057972,1380.0,6802.898550724638,1648.3695652173915,603.804347826087,9055.072463768116
48,902.0,1987.0,0.8601895734597157,1628.0,8898.578199052134,2156.1611374407585,789.8104265402844,11844.549763033176
49,902.0,1988.0,0.8487804878048781,607.0,13082.195121951221,3770.0000000000005,1328.5365853658539,18180.731707317074
50,902.0,1989.0,0.9028871391076115,1128.2,-0.26246719160104987,-0.26246719160104987,-0.26246719160104987,-0.26246719160104987
51,902.0,1990.0,1.2006920415224913,948.0,-0.3460207612456747,-0.3460207612456747,-0.3460207612456747,-0.3460207612456747
52,902.0,1991.0,0.7578125,897.0,-0.390625,-0.390625,-0.390625,-0.390625
53,902.0,1992.0,1.0876494023904384,650.0,18115.139442231077,2997.211155378486,486.4541832669323,21598.804780876497
54,902.0,1993.0,1.3413461538461537,1266.0,16753.846153846152,3808.1730769230767,596.1538461538462,21158.173076923074
55,902.0,1994.0,1.2584745762711866,839.9,13845.762711864407,3069.915254237288,938.135593220339,17853.813559322036
56,902.0,1995.0,1.107981220657277,1070.2,15340.845070422536,3401.4084507042257,1039.4366197183099,19781.690140845072
57,902.0,1996.0,1.3955555555555557,1267.6,19081.777777777777,4769.333333333333,1362.2222222222222,25213.333333333332
58,902.0,1997.0,1.465811965811966,1323.5,21024.358974358976,3917.9487179487182,1151.7094017094018,26094.017094017097
59,902.0,1998.0,1.4276729559748427,1111.4,42681.76100628931,9169.811320754716,3145.2830188679245,54996.85534591195
60,902.0,1999.0,1.0,1260.7,-74800.0,-20500.0,-7000.0,-102300.0
61,902.0,2000.0,1.3829787234042554,1120.1,73725.53191489363,17177.659574468085,6390.425531914894,97293.6170212766
62,902.0,2001.0,1.8045977011494254,1284.0,68934.4827586207,18304.597701149425,8475.862068965518,95714.94252873563
63,902.0,2002.0,1.360655737704918,1118.0,98316.39344262295,26106.55737704918,12088.524590163935,136511.47540983607
64,902.0,2003.0,1.388316151202749,1051.1,20298.28178694158,1310.9965635738831,802.4054982817869,22411.68384879725
65,902.0,2004.0,1.2758620689655173,1223.9,77500.0,6717.241379310345,7436.781609195403,91654.02298850575
66,902.0,2005.0,0.8153846153846154,1008.0,119347.6923076923,21181.53846153846,18116.923076923078,158646.15384615384
67,902.0,2006.0,0.9113924050632911,1232.1,113968.35443037974,21963.291139240504,11022.784810126583,146954.43037974683
68,902.0,2007.0,1.0392156862745099,2624.8,120013.72549019607,28068.62745098039,10380.392156862745,158462.74509803922
69,902.0,2008.0,0.8749999999999999,1830.3,271105.0,86435.0,49902.5,407442.5
70,902.0,2009.0,1.0816326530612246,981.1,112986.73469387756,32863.26530612245,23573.469387755104,169423.46938775512
71,903.0,1966.0,0.3263365037717284,965.0,37.15972449983602,6.789111183994753,4.001311905542801,47.950147589373564
72,903.0,1967.0,0.6817346563763322,1074.0,98.38294744579198,28.482175670709296,14.553472987872105,141.4185961043734
73,903.0,1968.0,0.5735559566787004,1076.0,146.79602888086643,43.54693140794224,15.703971119133573,206.04693140794222
74,903.0,1969.0,0.5829145728643216,1151.0,179.79899497487438,42.26130653266332,50.55276381909548,272.6130653266332
75,903.0,1970.0,0.4500624219725343,1068.0,351.87265917602997,18.414481897627965,13.358302122347066,383.645443196005
76,903.0,1971.0,0.7542896362388469,1060.0,480.4392587508579,71.58544955387784,32.395332875772134,584.4200411805078
77,903.0,1972.0,0.4228058936579116,962.0,286.6111467008328,84.30493273542601,68.22549647661755,439.14157591287636
78,903.0,1973.0,0.7551020408163265,1493.0,346.4285714285714,108.96501457725947,37.755102040816325,493.1486880466472
79,903.0,1974.0,0.45228859581070596,1616.0,562.9945694336695,91.07835531419705,74.78665632273079,728.8595810705973
80,903.0,1975.0,0.6625239005736137,1148.0,629.4455066921605,95.12428298279158,52.0076481835564,776.5774378585086
81,903.0,1976.0,0.6288156288156289,1247.0,843.8339438339439,132.96703296703296,61.904761904761905,1038.7057387057387
82,903.0,1977.0,0.6551246537396123,1250.0,1094.0443213296398,265.09695290858724,145.42936288088643,1504.5706371191136
83,903.0,1978.0,0.5,1119.0,1028.25,257.125,123.875,1409.25
84,903.0,1979.0,0.625,1140.0,1081.25,238.875,161.125,1481.25
85,903.0,1980.0,0.8333333333333334,1184.0,1409.0,413.6666666666667,189.66666666666666,2012.3333333333333
86,903.0,1981.0,0.6666666666666666,1274.0,1418.3333333333333,375.6666666666667,231.33333333333334,2025.3333333333333
87,903.0,1982.0,0.504708097928437,665.0,1780.0376647834275,502.4482109227872,334.83992467043316,2617.325800376648
88,903.0,1983.0,0.8680412371134021,1135.0,3349.072164948454,922.4742268041238,551.9587628865979,4823.505154639176
89,903.0,1984.0,0.6686507936507937,1220.0,3312.8968253968255,1166.6666666666667,615.0793650793651,5094.642857142857
90,903.0,1985.0,0.7661097852028639,1941.0,4419.331742243437,1627.923627684964,621.2410501193317,6668.4964200477325
91,903.0,1986.0,0.7582417582417582,1139.0,7692.307692307692,3103.296703296703,1424.4505494505495,12220.054945054944
92,903.0,1987.0,0.6570605187319883,1423.0,8069.1642651296825,3255.331412103746,1494.236311239193,12818.731988472622
93,903.0,1988.0,0.8595890410958904,1164.0,12696.575342465754,4910.6164383561645,2431.5068493150684,20038.698630136987
94,903.0,1989.0,1.0261780104712042,1251.8,-0.5235602094240838,-0.5235602094240838,-0.5235602094240838,-0.5235602094240838
95,903.0,1990.0,0.9664429530201342,1196.0,-0.6711409395973155,-0.6711409395973155,-0.6711409395973155,-0.6711409395973155
96,903.0,1991.0,0.5273972602739726,855.0,-0.684931506849315,-0.684931506849315,-0.684931506849315,-0.684931506849315
97,903.0,1992.0,0.8189655172413793,670.0,24273.275862068967,7328.44827586207,1444.8275862068967,33046.551724137935
98,903.0,1993.0,0.9910714285714286,1112.0,23218.749999999996,4894.642857142857,1083.9285714285713,29197.321428571428
99,903.0,1994.0,1.0,845.0,22794.615384615383,5813.076923076923,1276.1538461538462,29883.846153846152
100,903.0,1995.0,1.0,1020.4,16741.80790960452,4269.4915254237285,937.2881355932203,21948.58757062147
101,903.0,1996.0,1.2918918918918918,923.5,17641.08108108108,6017.297297297297,2020.0,25678.378378378377
102,903.0,1997.0,1.0333333333333334,1356.2,41493.333333333336,10544.444444444443,4426.666666666667,56464.444444444445
103,903.0,1998.0,1.1666666666666667,1202.3,86571.21212121211,24118.181818181816,8622.727272727272,119312.1212121212
104,903.0,1999.0,1.0,1114.4,-46200.0,-15500.0,-4300.0,-66000.0
105,903.0,2000.0,1.1666666666666667,687.2,133728.57142857142,45169.04761904762,10478.57142857143,189376.19047619047
106,903.0,2001.0,1.2368421052631577,922.9,136823.68421052632,43576.31578947369,14494.736842105263,194894.73684210525
107,903.0,2002.0,0.8863636363636364,683.0,118165.90909090909,37634.09090909091,12518.181818181818,168318.18181818182
108,903.0,2003.0,1.131578947368421,822.4,136744.73684210525,15900.0,9502.631578947368,162147.36842105264
109,903.0,2004.0,1.0526315789473684,1072.1,143855.26315789475,26539.473684210527,14647.368421052632,185042.1052631579
110,903.0,2005.0,1.0303030303030303,575.7,184209.0909090909,36248.48484848485,29433.333333333332,249890.9090909091
111,903.0,2006.0,1.0909090909090908,948.4,185163.63636363635,45678.78787878788,22445.454545454544,253287.87878787878
112,903.0,2007.0,1.222222222222222,1693.0,229266.66666666666,62203.7037037037,24640.74074074074,316111.11111111107
113,903.0,2008.0,1.28,947.7,284724.0,96420.0,54060.0,435204.0
114,903.0,2009.0,1.2,844.4,1399500.0,440940.0,326160.0,2166600.0
115,904.0,1966.0,0.33575757575757575,1044.0,18.181818181818183,10.363636363636363,5.454545454545454,34.0
116,904.0,1967.0,0.7221828490432317,1135.0,65.62721474131821,41.31821403260099,16.087880935506732,123.03330970942595
117,904.0,1968.0,0.607484769364665,962.0,77.02349869451697,49.695387293298516,24.456048738033072,151.17493472584857
118,904.0,1969.0,0.6178467507274491,1390.0,90.88263821532492,66.82832201745877,35.596508244422886,193.30746847720658
119,904.0,1970.0,0.4776632302405498,1176.0,260.36655211912944,116.60939289805269,43.75715922107675,420.7331042382589
120,904.0,1971.0,0.46407538280329796,1060.0,484.9234393404005,118.8457008244994,61.60188457008245,665.3710247349824
121,904.0,1972.0,0.6820448877805486,879.0,306.359102244389,146.63341645885288,73.94014962593516,526.9326683291771
122,904.0,1973.0,0.35841836734693877,1364.0,245.02551020408163,85.0765306122449,73.85204081632654,403.9540816326531
123,904.0,1974.0,0.5458579881656804,1477.0,328.40236686390534,57.69230769230769,70.11834319526628,456.2130177514793
124,904.0,1975.0,0.5087040618955513,1049.0,338.8781431334623,82.20502901353966,52.804642166344294,473.8878143133462
125,904.0,1976.0,0.5599999999999999,1247.0,348.4,94.6,61.6,504.6
126,904.0,1977.0,0.5675675675675675,1385.0,479.054054054054,140.99099099099098,82.65765765765765,702.7027027027026
127,904.0,1978.0,0.6666666666666666,1169.0,757.3333333333334,217.66666666666666,133.66666666666666,1108.6666666666667
128,904.0,1979.0,0.5,1309.0,590.0,199.75,130.25,920.0
129,904.0,1980.0,0.6666666666666666,1559.0,875.6666666666666,292.0,218.66666666666666,1386.3333333333333
130,904.0,1981.0,0.6666666666666666,1629.0,1120.6666666666667,375.6666666666667,175.33333333333334,1671.6666666666667
131,904.0,1982.0,0.7810945273631842,920.0,1590.5472636815923,558.2089552238807,337.8109452736319,2486.5671641791046
132,904.0,1983.0,0.38121546961325964,1253.0,2965.193370165746,1009.3922651933701,647.5138121546961,4622.099447513812
133,904.0,1984.0,0.8741721854304636,1558.0,3093.3774834437086,1271.523178807947,321.1920529801325,4686.092715231788
134,904.0,1985.0,0.5343511450381678,1484.0,4502.2900763358775,1730.534351145038,928.2442748091603,7161.068702290076
135,904.0,1986.0,0.5142857142857143,1502.0,7699.047619047618,2402.8571428571427,1387.6190476190475,11489.52380952381
136,904.0,1987.0,0.5641025641025641,2113.0,43682.05128205128,16053.846153846152,7925.641025641025,67661.53846153845
137,904.0,1988.0,0.9090909090909092,1401.0,65850.0,27390.909090909092,14004.545454545454,107245.45454545454
138,904.0,1989.0,0.5897435897435898,1537.3,-2.564102564102564,-2.564102564102564,-2.564102564102564,-2.564102564102564
139,904.0,1990.0,0.8695652173913043,1252.0,-4.3478260869565215,-4.3478260869565215,-4.3478260869565215,-4.3478260869565215
140,904.0,1991.0,0.9090909090909092,1091.0,-4.545454545454546,-4.545454545454546,-4.545454545454546,-4.545454545454546
141,904.0,1992.0,0.8181818181818182,1037.0,68660.60606060606,16124.242424242424,2800.0,87584.84848484848
142,904.0,1993.0,1.0,1320.0,122084.21052631579,9494.736842105263,2152.6315789473683,133731.57894736843
143,904.0,1994.0,1.0,790.8,399066.6666666667,54288.88888888889,14944.444444444445,468300.0
144,904.0,1995.0,1.0,1140.6,1197200.0,162866.6666666667,44833.333333333336,1404900.0
145,904.0,1996.0,1.3333333333333335,809.7,766533.3333333334,151300.0,74400.0,992233.3333333334
146,904.0,1997.0,1.0,968.8,146055.55555555556,21455.555555555555,15761.111111111111,183272.22222222222
147,904.0,1998.0,1.1538461538461537,1453.5,79284.61538461538,17819.23076923077,11434.615384615385,108538.46153846153
148,904.0,1999.0,1.0,1481.1,-28100.0,-7800.0,-2400.0,-38300.0
149,904.0,2000.0,1.1428571428571428,1096.3,146276.19047619047,39566.66666666667,16723.809523809523,202566.6666666667
150,904.0,2001.0,1.2941176470588234,1168.4,141170.5882352941,46094.11764705882,20794.11764705882,208058.82352941175
151,904.0,2002.0,1.1818181818181819,792.2,218172.72727272726,71236.36363636363,32136.363636363636,321545.45454545453
152,904.0,2003.0,1.2,982.8,571860.0,50700.0,54760.0,677320.0
153,904.0,2004.0,1.0,1579.9,2271600.0,386800.0,269600.0,2928000.0
154,904.0,2005.0,1.0625,843.2,147300.0,30225.0,39612.5,217137.5
155,904.0,2006.0,1.0,973.4,3503500.0,986900.0,596200.0,5086600.0
156,904.0,2007.0,1.0,1346.1,1334400.0,300000.0,247200.0,1881600.0
157,904.0,2009.0,0.8870967741935485,931.4,63343.54838709677,17104.83870967742,16069.354838709678,96517.74193548388
158,905.0,1966.0,0.2877381533952125,1031.0,24.132877381533955,11.138251099169517,4.298974108451392,39.570102589154864
159,905.0,1967.0,0.5820754716981132,1253.0,98.86792452830188,37.924528301886795,7.688679245283019,144.4811320754717
160,905.0,1968.0,0.4901506373117034,1901.0,98.49362688296638,50.695249130938585,16.570104287369638,165.75898030127462
161,905.0,1969.0,0.4974193548387097,1922.0,91.09677419354838,37.87096774193548,21.741935483870968,150.70967741935485
162,905.0,1970.0,0.6722737819025523,1301.0,108.12064965197217,76.56612529002321,33.0046403712297,217.69141531322506
163,905.0,1971.0,0.434025452109846,1311.0,99.19624916275954,39.31681178834561,18.754186202277296,157.26724715338244
164,905.0,1972.0,0.6056629834254144,1227.0,151.6574585635359,70.09668508287292,31.422651933701655,253.17679558011048
165,905.0,1973.0,0.2524056254626203,2059.0,192.6720947446336,55.95854922279793,33.90081421169504,282.53145817912656
166,905.0,1974.0,0.551948051948052,2062.0,402.0292207792208,71.67207792207792,58.035714285714285,531.737012987013
167,905.0,1975.0,0.5852682145716572,1465.0,285.82866293034425,88.15052041633307,34.027221777421936,408.0064051240993
168,905.0,1976.0,0.6410958904109589,1247.0,386.7579908675799,112.23744292237444,49.68036529680366,548.675799086758
169,905.0,1977.0,0.4774590163934426,1585.0,391.0860655737705,72.02868852459017,51.33196721311476,514.4467213114755
170,905.0,1978.0,0.5,1398.0,452.2,109.0,58.7,619.9
171,905.0,1979.0,0.375,1583.0,543.25,159.0,88.0,790.25
172,905.0,1980.0,0.4444444444444444,2050.0,595.8888888888889,148.33333333333334,91.77777777777777,836.0
173,905.0,1981.0,0.6,1905.0,576.7,141.6,93.9,812.2
174,905.0,1982.0,0.5555555555555556,1432.0,1176.4510779436152,359.5356550580431,233.0016583747927,1768.988391376451
175,905.0,1983.0,0.6217948717948718,1691.0,1772.4358974358975,584.1346153846154,426.6025641025641,2783.1730769230767
176,905.0,1984.0,0.5434782608695653,2222.0,3924.5059288537554,1157.707509881423,738.9328063241107,5821.146245059289
177,905.0,1985.0,0.5384615384615384,1954.0,5508.14479638009,2254.298642533937,958.8235294117648,8721.266968325792
178,905.0,1986.0,0.5142857142857143,1590.0,6640.952380952381,3550.4761904761904,1879.047619047619,12070.47619047619
179,905.0,1987.0,0.5538922155688624,2350.0,8350.898203592815,4464.670658682635,2362.8742514970063,15178.443113772455
180,905.0,1988.0,0.9311740890688258,1830.0,14698.380566801618,7785.0202429149795,3893.9271255060726,26377.32793522267
181,905.0,1989.0,0.5860215053763441,2237.3,-0.5376344086021505,-0.5376344086021505,-0.5376344086021505,-0.5376344086021505
182,905.0,1990.0,0.5942028985507247,1764.0,-0.48309178743961356,-0.48309178743961356,-0.48309178743961356,-0.48309178743961356
183,905.0,1991.0,0.6090225563909775,1605.0,-0.7518796992481203,-0.7518796992481203,-0.7518796992481203,-0.7518796992481203
184,905.0,1992.0,0.6237623762376238,1001.0,35471.28712871287,7255.445544554455,3791.089108910891,46517.82178217822
185,905.0,1993.0,0.711864406779661,1530.0,34399.15254237288,3175.4237288135596,2188.983050847458,39763.5593220339
186,905.0,1994.0,0.5535714285714285,1049.7,53183.03571428571,6660.714285714285,5469.642857142857,65313.39285714285
187,905.0,1995.0,0.926829268292683,1697.1,72640.24390243903,9097.560975609756,7470.731707317073,89208.53658536586
188,905.0,1996.0,1.1704545454545454,1389.7,50139.77272727273,11828.40909090909,11929.545454545454,73897.72727272728
189,905.0,1997.0,1.0394736842105263,1737.4,66425.0,11643.421052631578,17281.57894736842,95350.0
190,905.0,1998.0,1.1607142857142856,2195.1,73992.85714285713,22649.999999999996,12905.357142857141,109548.21428571428
191,905.0,1999.0,1.0,2109.7,-47000.0,-17300.0,-4100.0,-68400.0
192,905.0,2000.0,1.1666666666666667,1699.9,145594.44444444444,44600.0,15650.0,205844.44444444444
193,905.0,2001.0,1.2439024390243902,1576.2,124804.87804878049,25163.414634146342,21180.48780487805,171148.78048780488
194,905.0,2002.0,1.1578947368421053,941.0,269315.7894736842,54300.0,45705.26315789473,369321.05263157893
195,905.0,2003.0,1.15,1654.0,271345.0,35995.0,22555.0,329895.0
196,905.0,2004.0,1.0476190476190477,1955.7,255752.38095238098,41947.619047619046,30642.857142857145,328342.85714285716
197,905.0,2005.0,1.0,1892.2,544723.0769230769,161084.61538461538,174346.15384615384,880153.8461538461
198,905.0,2006.0,1.3750000000000002,1440.0,329320.8333333334,94316.66666666667,68866.66666666667,492504.1666666667
199,905.0,2007.0,1.25,1895.3,1053812.5,219187.5,130687.5,1403687.5
200,905.0,2008.0,1.3333333333333333,2042.2,1078944.4444444445,292300.0,324888.8888888889,1696133.3333333335
201,905.0,2009.0,1.1666666666666667,1770.4,1550316.6666666667,406500.0,485600.0,2442416.666666667
202,906.0,1966.0,0.45746740673809216,823.0,36.43991222408675,9.474635342713308,4.78895056150768,50.703498128307736
203,906.0,1967.0,0.7102088468024387,750.0,47.74938383707355,16.759631599429238,3.1781035153716433,67.68711895187442
204,906.0,1968.0,0.5976425613252628,1065.0,82.52628225549537,18.87543803759159,5.017521503663587,106.41924179675055
205,906.0,1969.0,0.6074152918218911,1405.0,115.2208621607238,52.72307965229732,32.836615220862164,200.78055703388327
206,906.0,1970.0,0.7451280928399386,1207.0,256.14188745347053,1.3137727173199036,7.072476461572148,264.5281366323626
207,906.0,1971.0,0.8016843249117087,1043.0,286.1994023363216,22.08638956805216,9.970116816082585,318.2559087204564
208,906.0,1972.0,0.6969512195121952,1032.0,321.4329268292683,55.60975609756098,29.02439024390244,406.06707317073176
209,906.0,1973.0,0.715262932877298,1602.0,355.15177426250534,92.0478837109876,57.63146643864899,504.83112441214195
210,906.0,1974.0,0.9388947927736452,1734.0,533.3156216790649,83.95324123273113,69.12858660998937,686.3974495217853
211,906.0,1975.0,0.7397873531057638,1232.0,575.6575265808617,136.1499720201455,56.743144935646335,768.5506435366535
212,906.0,1976.0,0.8823929299796057,1272.0,977.0904146838884,198.84432358939495,88.57919782460911,1264.5139360978926
213,906.0,1977.0,0.874706342991386,1097.0,1145.9671104150352,239.5458104933438,121.84808144087705,1507.361002349256
214,906.0,1978.0,0.43478260869565216,1239.0,766.4782608695652,157.8695652173913,75.21739130434783,999.5652173913044
215,906.0,1979.0,0.9090909090909091,1000.0,1520.6363636363637,394.8181818181818,193.72727272727272,2109.181818181818
216,906.0,1980.0,0.8888888888888888,1170.0,2024.7777777777778,490.0,290.55555555555554,2805.3333333333335
217,906.0,1981.0,1.1428571428571428,1496.0,2848.4285714285716,688.1428571428571,375.14285714285717,3911.714285714286
218,906.0,1982.0,0.7441860465116279,853.0,2632.9941860465115,684.3023255813954,339.8255813953488,3657.1220930232557
219,906.0,1983.0,1.2083333333333333,908.0,3362.6602564102564,810.2564102564103,379.6474358974359,4552.5641025641025
220,906.0,1984.0,1.255813953488372,1124.0,4466.976744186047,857.0542635658915,448.2170542635659,5772.248062015504
221,906.0,1985.0,1.160676532769556,1101.0,6932.135306553911,2106.3424947145877,853.6997885835094,9892.177589852008
222,906.0,1986.0,1.4695863746958637,1075.0,8744.282238442822,3090.024330900243,1278.5888077858879,13112.895377128953
223,906.0,1987.0,1.0386363636363636,1256.0,8167.954545454545,2863.6363636363635,1194.3181818181818,12225.90909090909
224,906.0,1988.0,1.3733333333333333,1177.0,14365.0,5466.333333333333,2461.6666666666665,22293.0
225,906.0,1989.0,1.2401215805471124,1010.2,-0.303951367781155,-0.303951367781155,-0.303951367781155,-0.303951367781155
226,906.0,1990.0,1.0247349823321554,1057.0,-0.35335689045936397,-0.35335689045936397,-0.35335689045936397,-0.35335689045936397
227,906.0,1991.0,1.282608695652174,873.0,-0.3623188405797102,-0.3623188405797102,-0.3623188405797102,-0.3623188405797102
228,906.0,1992.0,1.3672839506172838,422.0,11354.938271604937,3507.4074074074074,520.0617283950617,15382.407407407407
229,906.0,1993.0,1.12565445026178,1005.0,11330.89005235602,2530.366492146597,815.7068062827226,14676.963350785341
230,906.0,1994.0,1.085561497326203,998.2,20368.449197860962,4581.818181818182,1312.2994652406417,26262.566844919784
231,906.0,1995.0,0.9259259259259258,988.1,23511.728395061727,5288.888888888889,1514.8148148148148,30315.432098765432
232,906.0,1996.0,1.4751773049645391,1157.0,25364.5390070922,6174.468085106383,1819.148936170213,33358.156028368794
233,906.0,1997.0,1.5670731707317074,1332.4,24945.731707317074,4513.414634146342,1585.3658536585367,31044.51219512195
234,906.0,1998.0,1.3,978.2,30133.75,7586.25,2461.875,40181.875
235,906.0,1999.0,1.0,776.0,-45700.0,-15700.0,-4300.0,-65700.0
236,906.0,2000.0,1.6833333333333333,816.5,28505.833333333336,8311.666666666668,1896.6666666666667,38714.16666666667
237,906.0,2001.0,1.066265060240964,1147.8,20395.180722891568,3549.397590361446,893.9759036144578,24838.554216867473
238,906.0,2002.0,1.212962962962963,953.8,31348.148148148146,5455.555555555555,1374.074074074074,38177.777777777774
239,906.0,2003.0,1.6936936936936935,1082.0,25956.756756756753,1678.3783783783783,1014.4144144144143,28649.54954954955
240,906.0,2004.0,1.4942528735632183,522.1,39291.9540229885,3188.5057471264367,1232.183908045977,43712.64367816092
241,906.0,2005.0,1.5294117647058822,202.8,59927.94117647059,8311.764705882353,3426.4705882352937,71666.17647058822
242,906.0,2006.0,1.0687499999999999,530.0,33291.875,6086.25,1453.75,40831.875
243,906.0,2007.0,1.5454545454545452,1111.6,138509.0909090909,30330.90909090909,7770.90909090909,176610.9090909091
244,906.0,2008.0,1.9318181818181817,762.8,143354.54545454544,46086.36363636364,20340.909090909092,209781.81818181818
245,906.0,2009.0,0.7894736842105264,218.4,53373.68421052632,16613.157894736843,7428.947368421053,77415.78947368421
246,907.0,1966.0,0.36363636363636365,568.0,588.2954545454545,49.090909090909086,31.93181818181818,669.3181818181818
247,907.0,1967.0,0.5560588901472254,936.0,1018.3465458663646,85.27746319365798,24.91506228765572,1128.5390713476784
248,907.0,1968.0,0.46870653685674546,949.0,1436.856745479833,149.23504867872043,91.23783031988873,1677.3296244784422
249,907.0,1969.0,0.47523219814241485,1172.0,1798.9164086687306,328.94736842105266,257.43034055727554,2385.294117647059
250,907.0,1970.0,0.9047619047619048,868.0,1799.8357963875205,223.80952380952382,51.06732348111659,2074.712643678161
251,907.0,1971.0,0.8953488372093024,1457.0,1123.5880398671097,130.73089700996678,85.88039867109636,1340.199335548173
252,907.0,1972.0,0.6189427312775331,758.0,1897.3568281938326,209.4713656387665,66.74008810572687,2173.568281938326
253,907.0,1973.0,0.3116438356164384,1177.0,1839.041095890411,204.7945205479452,78.42465753424658,2122.2602739726026
254,907.0,1974.0,1.1790744466800807,1274.0,2077.2635814889336,369.215291750503,229.97987927565393,2676.4587525150905
255,907.0,1975.0,0.6506955177743431,905.0,2102.163833075734,162.7511591962906,61.051004636785166,2325.9659969088098
256,907.0,1976.0,0.5577689243027889,1272.0,3555.179282868526,258.16733067729086,149.402390438247,3962.749003984064
257,907.0,1977.0,0.7120181405895691,992.0,3357.5963718820863,376.41723356009066,207.02947845804988,3941.0430839002265
258,907.0,1978.0,1.3333333333333333,1193.0,5563.0,529.6666666666666,296.3333333333333,6389.0
259,907.0,1979.0,1.0,804.0,5784.0,390.3333333333333,194.33333333333334,6368.666666666667
260,907.0,1980.0,1.0,1097.0,6532.666666666667,524.3333333333334,221.0,7278.0
261,907.0,1981.0,0.6666666666666666,1308.0,5674.666666666667,669.0,229.66666666666666,6573.333333333333
262,907.0,1982.0,0.7265306122448979,779.0,6316.326530612245,826.530612244898,354.69387755102036,7497.551020408163
263,907.0,1983.0,0.8463949843260189,946.0,6575.862068965517,823.1974921630094,418.1818181818182,7817.241379310345
264,907.0,1984.0,0.7526501766784451,1290.0,12982.68551236749,1792.5795053003533,1175.9717314487632,15951.236749116608
265,907.0,1985.0,0.6598240469208211,1296.0,12631.964809384164,2390.0293255131965,1136.950146627566,16158.944281524926
266,907.0,1986.0,0.8398692810457515,1186.0,14067.320261437908,3459.803921568627,1493.7908496732025,19020.91503267974
267,907.0,1987.0,1.1831501831501832,1489.0,15767.765567765568,3878.021978021978,1674.3589743589744,21320.14652014652
268,907.0,1988.0,1.0929203539823011,678.0,26845.132743362836,7103.097345132744,3485.398230088496,37433.62831858407
269,907.0,1989.0,1.0585585585585584,894.2,-0.4504504504504504,-0.4504504504504504,-0.4504504504504504,-0.4504504504504504
270,907.0,1990.0,1.23109243697479,1023.0,-0.42016806722689076,-0.42016806722689076,-0.42016806722689076,-0.42016806722689076
271,907.0,1991.0,0.8558951965065502,739.0,-0.4366812227074236,-0.4366812227074236,-0.4366812227074236,-0.4366812227074236
272,907.0,1992.0,1.3858267716535433,570.0,36300.7874015748,3638.582677165354,786.6141732283464,40725.984251968504
273,907.0,1993.0,1.6412213740458015,880.0,40304.580152671755,8657.251908396946,1014.5038167938931,49976.33587786259
274,907.0,1994.0,1.2275862068965517,727.2,28316.55172413793,4366.206896551725,1386.2068965517242,34068.96551724138
275,907.0,1995.0,1.0413223140495869,894.9,33933.05785123967,5232.231404958678,1661.1570247933885,40826.44628099174
276,907.0,1996.0,1.905982905982906,926.6,58977.77777777778,6923.931623931624,1242.7350427350427,67144.44444444445
277,907.0,1997.0,1.25,1274.1,63684.67741935484,5564.5161290322585,990.3225806451613,70239.51612903226
278,907.0,1998.0,1.7692307692307692,865.6,40961.53846153846,8093.1623931623935,1533.3333333333335,50588.03418803419
279,907.0,1999.0,1.0,842.5,-59600.0,-16100.0,-5400.0,-81100.0
280,907.0,2000.0,1.5396825396825395,915.0,45629.36507936508,12687.301587301587,1538.095238095238,59854.7619047619
281,907.0,2001.0,1.6752136752136753,823.8,44434.18803418804,6392.307692307692,1794.871794871795,52621.36752136752
282,907.0,2002.0,1.6250000000000002,916.6,54154.16666666667,7790.625,2187.5,64132.29166666667
283,907.0,2003.0,1.0618556701030928,744.8,60647.422680412375,6411.340206185567,1494.8453608247423,68553.60824742269
284,907.0,2004.0,1.4507042253521127,818.9,71940.84507042254,14081.69014084507,3771.8309859154933,89794.3661971831
285,907.0,2005.0,1.8308823529411764,932.9,48793.382352941175,11511.764705882351,3852.941176470588,64158.08823529411
286,907.0,2006.0,0.8641975308641974,1020.1,94392.59259259258,21043.20987654321,6555.555555555555,121991.35802469135
287,907.0,2007.0,1.5151515151515151,1761.2,123924.24242424242,25416.666666666664,9896.969696969696,159237.87878787878
288,907.0,2008.0,2.0476190476190474,1667.0,97507.14285714286,25672.61904761905,11989.285714285716,135169.04761904763
289,907.0,2009.0,1.3658536585365855,815.6,176478.04878048782,52543.902439024394,27134.146341463416,256156.0975609756
290,908.0,1966.0,0.3025601241272304,602.0,100.77579519006981,7.757951900698215,9.69743987587277,118.2311869666408
291,908.0,1967.0,0.75,1022.0,138.24503311258277,26.600441501103752,12.969094922737305,177.81456953642382
292,908.0,1968.0,0.6307588075880759,1205.0,184.4850948509485,35.16260162601626,19.986449864498645,239.6341463414634
293,908.0,1969.0,0.6415094339622641,1344.0,254.18867924528303,69.9622641509434,35.62264150943396,359.77358490566036
294,908.0,1970.0,0.4529977794226499,770.0,465.8031088082902,180.31088082901556,79.79274611398964,725.9067357512954
295,908.0,1971.0,0.6419753086419753,1518.0,636.4969135802469,84.25925925925925,25.925925925925924,746.6820987654321
296,908.0,1972.0,0.5924170616113744,743.0,455.37124802527643,75.82938388625593,45.33965244865719,576.5402843601896
297,908.0,1973.0,0.7213599408721361,1153.0,242.49815225424982,61.27124907612713,60.088691796008874,363.8580931263858
298,908.0,1974.0,0.6006825938566552,1248.0,534.5563139931741,100.68259385665529,92.91808873720136,728.1569965870307
299,908.0,1975.0,0.637137989778535,886.0,691.7376490630323,98.89267461669506,64.48040885860307,855.1107325383305
300,908.0,1976.0,0.5950095969289827,1272.0,910.2687140115163,100.6717850287908,74.85604606525912,1085.7965451055663
301,908.0,1977.0,0.5975336322869955,1206.0,1019.6188340807175,181.61434977578475,131.39013452914799,1332.6233183856502
302,908.0,1978.0,0.5,1157.0,1250.0,244.125,175.75,1669.875
303,908.0,1979.0,0.5714285714285714,892.0,1373.7142857142858,236.71428571428572,127.57142857142857,1738.0
304,908.0,1980.0,0.625,1236.0,1475.75,257.875,145.625,1879.25
305,908.0,1981.0,1.0,1274.0,4035.6666666666665,608.3333333333334,551.3333333333334,5195.333333333333
306,908.0,1982.0,0.6490765171503957,887.0,1094.1952506596306,228.3641160949868,143.4036939313984,1465.9630606860158
307,908.0,1983.0,0.9149560117302052,1159.0,1640.0293255131965,319.7947214076246,208.94428152492668,2168.7683284457476
308,908.0,1984.0,0.6839285714285714,1472.0,3328.3928571428573,660.8928571428572,468.2142857142857,4457.5
309,908.0,1985.0,0.718336483931947,1404.0,3750.8506616257087,1230.8128544423441,562.1928166351606,5543.856332703213
310,908.0,1986.0,0.58984375,1293.0,4181.4453125,2237.109375,834.1796875,7252.734375
311,908.0,1987.0,0.8848920863309353,1524.0,6378.657074340527,3130.9352517985612,1352.2781774580335,10861.870503597123
312,908.0,1988.0,0.543859649122807,806.0,9757.602339181287,4763.74269005848,2460.5263157894738,16981.87134502924
313,908.0,1989.0,0.6879795396419437,1076.1,-0.2557544757033248,-0.2557544757033248,-0.2557544757033248,-0.2557544757033248
314,908.0,1990.0,0.8404255319148937,1032.0,-0.3546099290780142,-0.3546099290780142,-0.3546099290780142,-0.3546099290780142
315,908.0,1991.0,1.0781671159029649,859.0,-0.2695417789757412,-0.2695417789757412,-0.2695417789757412,-0.2695417789757412
316,908.0,1992.0,0.6019417475728155,685.0,11312.135922330097,1951.9417475728155,569.4174757281553,13833.495145631068
317,908.0,1993.0,0.952991452991453,1080.0,16255.982905982906,3509.82905982906,1048.2905982905984,20814.102564102566
318,908.0,1994.0,0.8883720930232558,621.3,22991.627906976744,4215.3488372093025,2391.6279069767443,29598.60465116279
319,908.0,1995.0,0.9829059829059829,1084.5,21124.786324786324,3873.0769230769233,2197.4358974358975,27195.29914529915
320,908.0,1996.0,0.9878787878787879,903.0,14505.454545454546,2896.3636363636365,1325.4545454545455,18727.272727272728
321,908.0,1997.0,0.33862433862433866,1117.4,28967.724867724868,4332.275132275133,1905.820105820106,35205.82010582011
322,908.0,1998.0,0.9870689655172414,1163.5,29285.775862068967,7411.206896551725,3741.8103448275865,40438.793103448275
323,908.0,1999.0,1.0,1086.0,-65000.0,-17400.0,-6000.0,-88400.0
324,908.0,2000.0,0.9517543859649124,1179.4,28547.807017543862,8073.245614035089,2302.631578947369,38923.68421052632
325,908.0,2001.0,0.5954198473282443,1220.5,46440.45801526718,8203.81679389313,6129.7709923664115,60774.045801526714
326,908.0,2002.0,0.8726114649681529,835.8,38749.68152866242,6845.222929936305,5114.649681528662,50709.55414012739
327,908.0,2003.0,0.8815789473684211,-1.0,43655.26315789473,2828.9473684210525,3484.2105263157896,49968.42105263158
328,908.0,2004.0,1.0547945205479452,727.5,50751.3698630137,6710.27397260274,5578.767123287671,63040.41095890411
329,908.0,2005.0,0.8571428571428571,658.8,159906.1224489796,29773.469387755104,29965.30612244898,219644.89795918367
330,908.0,2006.0,0.9365079365079364,592.5,32778.1746031746,8973.809523809523,5771.428571428572,47523.4126984127
331,908.0,2007.0,1.1454545454545453,1576.0,199603.63636363635,50458.181818181816,26236.363636363636,276298.1818181818
332,908.0,2008.0,0.6896551724137931,1525.1,333968.9655172414,106103.44827586207,81255.17241379312,521327.5862068966
333,908.0,2009.0,0.9,1219.2,184648.0,59370.0,53872.0,297890.0
334,909.0,1966.0,0.20446735395189,654.0,57.90378006872852,7.0446735395189,2.147766323024055,67.09621993127148
335,909.0,1967.0,0.6763942931258107,885.0,77.69130998702983,18.612191958495462,2.594033722438392,98.89753566796368
336,909.0,1968.0,0.5684713375796178,1317.0,75.79617834394904,24.761146496815286,8.519108280254777,109.07643312101911
337,909.0,1969.0,0.5780141843971631,1104.0,187.145390070922,126.68439716312058,16.04609929078014,329.8758865248227
338,909.0,1970.0,0.7791878172588832,998.0,92.82994923857868,9.454314720812183,4.631979695431472,106.91624365482234
339,909.0,1971.0,0.5280437756497948,1284.0,133.92612859097127,16.82626538987688,6.976744186046512,157.72913816689467
340,909.0,1972.0,0.3983286908077994,727.0,145.75208913649027,19.707520891364904,10.30640668523677,175.76601671309191
341,909.0,1973.0,0.4103156274056967,1128.0,206.9284064665127,26.63587374903772,25.173210161662816,258.73749037721325
342,909.0,1974.0,0.6087257617728532,1222.0,202.90858725761774,27.146814404432135,24.653739612188367,254.70914127423825
343,909.0,1975.0,0.5766590389016019,868.0,270.4042715484363,29.748283752860413,23.95118230358505,324.10373760488176
344,909.0,1976.0,0.4949179046129789,1272.0,407.5058639562158,44.80062548866302,29.085222830336203,481.39171227521507
345,909.0,1977.0,0.5928393005828476,1166.0,536.9691923397169,93.67194004995837,53.87177352206495,684.5129059117402
346,909.0,1978.0,0.7272727272727273,886.0,638.7272727272727,113.18181818181819,69.36363636363636,821.2727272727273
347,909.0,1979.0,0.6363636363636364,760.0,493.0,99.0,66.0,658.0
348,909.0,1980.0,0.9166666666666666,1474.0,647.3333333333334,122.66666666666667,70.0,840.0
349,909.0,1981.0,0.75,1143.0,651.3333333333334,124.5,84.58333333333333,860.4166666666666
350,909.0,1982.0,0.676678445229682,1054.0,689.7526501766785,187.2791519434629,87.80918727915194,964.8409893992932
351,909.0,1983.0,0.84765625,934.0,1003.125,244.3359375,131.34765625,1378.80859375
352,909.0,1984.0,0.7791798107255521,1552.0,1150.4731861198738,298.8433228180862,101.99789695057834,1551.3144058885384
353,909.0,1985.0,0.7795358649789029,1089.0,1207.1729957805906,264.1350210970464,158.0168776371308,1629.324894514768
354,909.0,1986.0,0.5385474860335197,1357.0,1835.8659217877096,511.0614525139665,206.2569832402235,2553.1843575418998
355,909.0,1987.0,0.5905707196029776,1741.0,2038.5856079404466,567.4937965260546,229.03225806451613,2835.1116625310174
356,909.0,1988.0,0.861111111111111,1267.0,2833.7719298245615,1153.654970760234,384.94152046783626,4372.368421052632
357,909.0,1989.0,0.5914454277286135,1204.2,-0.14749262536873156,-0.14749262536873156,-0.14749262536873156,-0.14749262536873156
358,909.0,1990.0,0.7229832572298326,1081.0,-0.15220700152207,-0.15220700152207,-0.15220700152207,-0.15220700152207
359,909.0,1991.0,0.7719298245614035,1043.0,-0.19493177387914232,-0.19493177387914232,-0.19493177387914232,-0.19493177387914232
360,909.0,1992.0,0.7356902356902356,941.0,4294.949494949495,1054.8821548821547,242.25589225589223,5592.087542087542
361,909.0,1993.0,0.828099173553719,1165.0,4612.727272727273,1029.7520661157025,59.00826446280992,5701.487603305785
362,909.0,1994.0,0.9407407407407407,801.7,5012.407407407407,1002.9629629629629,645.0,6660.3703703703695
363,909.0,1995.0,0.6595744680851064,1415.8,28794.680851063833,5761.702127659575,3705.31914893617,38261.70212765958
364,909.0,1996.0,0.625,986.9,18905.729166666668,4231.25,3022.916666666667,26159.895833333336
365,909.0,1997.0,0.9285714285714286,1135.5,9006.926406926406,1502.1645021645022,1192.6406926406926,11701.7316017316
366,909.0,1998.0,1.4811133200795228,1597.3,5299.801192842942,1786.2823061630218,565.2087475149106,7651.292246520874
367,909.0,1999.0,1.0,1957.1,-39500.0,-12100.0,-3400.0,-55000.0
368,909.0,2000.0,1.0758426966292134,918.4,9134.269662921348,3202.5280898876404,534.8314606741573,12871.629213483146
369,909.0,2001.0,0.9375,1022.8,9025.9375,696.875,973.75,10696.5625
370,909.0,2002.0,0.6869009584664537,-1.0,9227.79552715655,712.4600638977636,995.5271565495208,10935.782747603835
371,909.0,2003.0,0.9809523809523809,-1.0,8153.333333333334,154.92063492063494,94.92063492063492,8403.174603174604
372,909.0,2004.0,0.5778688524590164,1147.6,9908.60655737705,576.2295081967213,1544.672131147541,12029.508196721312
373,909.0,2005.0,0.6950354609929078,1192.0,9715.248226950354,2590.425531914894,2967.375886524823,15273.049645390072
374,909.0,2006.0,0.875,1305.7,19972.0,4187.5,3276.0,27435.5
375,909.0,2007.0,0.7168674698795181,1499.5,14908.132530120483,2316.566265060241,1707.831325301205,18932.53012048193
376,909.0,2008.0,0.9510869565217391,1110.1,27799.45652173913,4770.652173913043,4610.869565217391,37180.97826086956
377,909.0,2009.0,0.9102564102564101,1495.0,29802.5641025641,6781.410256410256,5746.153846153846,42330.1282051282
378,910.0,1966.0,0.28720238095238093,1056.0,129.61309523809524,9.821428571428571,21.577380952380953,161.01190476190476
379,910.0,1967.0,0.5250544662309369,1089.0,237.69063180827888,84.0958605664488,61.00217864923747,382.78867102396515
380,910.0,1968.0,0.4411764705882352,1534.0,231.8181818181818,60.16042780748663,29.41176470588235,321.3903743315508
381,910.0,1969.0,0.4507462686567164,1368.0,475.2238805970149,175.22388059701493,81.19402985074626,731.6417910447761
382,910.0,1970.0,0.7328519855595668,1225.0,444.94584837545125,34.65703971119134,76.89530685920577,556.4981949458484
383,910.0,1971.0,0.4449838187702266,1763.0,338.8349514563107,84.62783171521036,33.49514563106796,456.95792880258904
384,910.0,1972.0,0.5038910505836576,976.0,337.54863813229576,79.37743190661479,41.43968871595331,458.36575875486386
385,910.0,1973.0,0.49775784753363234,1275.0,308.52017937219733,65.69506726457399,49.10313901345292,423.31838565022423
386,910.0,1974.0,0.62217659137577,1039.0,356.6735112936345,61.39630390143737,52.36139630390144,470.4312114989733
387,910.0,1975.0,0.6023622047244095,1045.0,434.64566929133855,88.58267716535433,40.94488188976378,564.1732283464567
388,910.0,1976.0,0.48548812664907653,1272.0,647.7572559366755,93.40369393139842,65.17150395778364,806.3324538258576
389,910.0,1977.0,0.4475703324808184,1374.0,856.777493606138,122.7621483375959,64.45012787723785,1043.9897698209718
390,910.0,1978.0,0.5,1476.0,917.75,138.25,61.75,1117.75
391,910.0,1979.0,0.5,1203.0,788.0,119.5,47.75,955.25
392,910.0,1980.0,0.4,1455.0,656.2,145.0,48.4,849.6
393,910.0,1981.0,1.0,1201.0,722.5,131.25,68.0,921.75
394,910.0,1982.0,0.6923076923076923,1220.0,19815.384615384613,5269.230769230769,1984.6153846153845,27069.23076923077
395,910.0,1983.0,0.7251732101616628,1376.0,651.5011547344111,183.6027713625866,64.66512702078522,899.7690531177828
396,910.0,1984.0,0.45426829268292684,2016.0,934.4512195121952,275.609756097561,92.07317073170732,1302.1341463414635
397,910.0,1987.0,0.6425120772946861,1438.0,3333.816425120773,1179.2270531400968,256.5217391304348,4769.565217391305
398,910.0,1988.0,0.527027027027027,1406.0,3051.8018018018015,1021.6216216216216,535.1351351351351,4608.558558558558
399,910.0,1989.0,0.973821989528796,1194.6,-0.5235602094240838,-0.5235602094240838,-0.5235602094240838,-0.5235602094240838
400,910.0,1990.0,1.0214592274678111,1432.0,-0.4291845493562232,-0.4291845493562232,-0.4291845493562232,-0.4291845493562232
401,911.0,1966.0,0.11822660098522168,535.0,318.2266009852217,34.31855500821018,13.136288998357964,365.6814449917898
402,911.0,1967.0,0.3018654607122668,872.0,460.3165630299604,193.83832673827018,12.945166760881854,667.1000565291124
403,911.0,1968.0,0.2539902845246357,908.0,782.2345593337959,351.14503816793894,40.388619014573216,1173.768216516308
404,911.0,1969.0,0.2581143740340031,1012.0,1107.41885625966,490.4173106646059,83.30757341576508,1681.143740340031
405,911.0,1970.0,0.7860345932094811,959.0,922.357463164638,332.03074951953874,59.89750160153748,1314.2857142857142
406,911.0,1971.0,0.6828955797565663,1340.0,-0.06406149903907751,-0.06406149903907751,-0.06406149903907751,-0.06406149903907751
407,911.0,1973.0,0.4598591549295775,1032.0,560.9154929577466,98.09859154929578,46.33802816901409,705.3521126760563
408,911.0,1974.0,0.5882352941176471,1118.0,885.2941176470589,183.51573187414502,114.70588235294119,1183.515731874145
409,911.0,1975.0,0.516175413371675,794.0,1350.035945363048,189.5039539899353,64.62976276060388,1604.1696621135873
410,911.0,1976.0,0.7012448132780082,1272.0,2227.219917012448,243.23651452282155,123.402489626556,2593.8589211618255
411,911.0,1977.0,0.7676595744680851,1123.0,2295.148936170213,270.1276595744681,106.72340425531915,2672.0
412,911.0,1978.0,1.1,1376.0,3174.3,387.6,163.0,3724.9
413,911.0,1979.0,0.75,695.0,2160.5,332.1666666666667,126.58333333333333,2619.25
414,912.0,1966.0,0.3542009884678748,588.0,408.7314662273476,30.971993410214168,27.182866556836903,466.88632619439863
415,912.0,1967.0,0.544562551103843,1021.0,447.5061324611611,138.92068683565003,19.29681112019624,605.7236304170074
416,912.0,1968.0,0.45783132530120474,1013.0,745.3815261044176,96.5863453815261,103.01204819277108,944.9799196787147
417,912.0,1969.0,0.4648044692737431,1105.0,867.5977653631286,198.99441340782124,120.00000000000001,1186.5921787709499
418,912.0,1970.0,0.449,964.0,312.5,47.3,17.7,377.5
419,912.0,1971.0,0.6866666666666666,1888.0,695.7142857142857,59.523809523809526,22.761904761904763,778.0
420,912.0,1972.0,0.27168141592920353,749.0,784.8672566371681,87.16814159292035,178.05309734513273,1050.0884955752213
421,912.0,1973.0,0.5227053140096619,1163.0,811.5942028985507,165.12077294685992,101.15942028985508,1077.8743961352657
422,912.0,1974.0,0.45428015564202334,1259.0,806.7120622568094,98.15175097276266,78.69649805447472,983.5603112840467
423,912.0,1975.0,0.6614718614718614,894.0,842.1645021645021,111.34199134199133,52.03463203463203,1005.5411255411254
424,912.0,1976.0,0.46604651162790695,1272.0,1117.0232558139535,127.62790697674419,66.88372093023256,1311.5348837209303
425,912.0,1977.0,0.5625531914893618,1263.0,1367.1489361702127,123.65957446808511,73.61702127659575,1564.4255319148936
426,912.0,1978.0,0.6,1248.0,1893.9,175.0,103.1,2172.0
427,912.0,1979.0,0.4,683.0,1909.4,198.3,98.0,2205.7
428,912.0,1980.0,0.5555555555555556,849.0,2179.4444444444443,288.55555555555554,131.44444444444446,2599.4444444444443
429,912.0,1981.0,1.0,866.0,2501.5,289.625,156.75,2947.875
430,912.0,1982.0,0.5150602409638554,790.0,1861.3453815261043,266.0642570281124,110.7429718875502,2238.1526104417667
431,912.0,1983.0,0.6303162486368593,775.0,3004.362050163577,480.04362050163576,279.2802617230098,3763.6859323882227
432,912.0,1984.0,0.5753575357535754,1226.0,3361.7161716171618,660.8360836083608,302.970297029703,4325.5225522552255
433,912.0,1985.0,0.7144592952612393,1006.0,5358.809234507898,1357.4726609963548,566.464155528554,7282.7460510328065
434,912.0,1986.0,0.7183580387685291,1192.0,4870.695553021665,1418.3580387685292,729.1904218928164,7018.244013683011
435,912.0,1987.0,0.5716019417475728,1470.0,5183.980582524272,1509.5873786407767,776.0922330097087,7469.660194174757
436,912.0,1988.0,0.8067567567567567,507.0,6410.0,1858.7837837837837,960.1351351351351,9228.918918918918
437,912.0,1989.0,0.8545216251638269,949.1,-0.1310615989515072,-0.1310615989515072,-0.1310615989515072,-0.1310615989515072
438,912.0,1990.0,0.988338192419825,1503.0,-0.14577259475218657,-0.14577259475218657,-0.14577259475218657,-0.14577259475218657
439,912.0,1991.0,0.8039816232771823,856.0,-0.15313935681470137,-0.15313935681470137,-0.15313935681470137,-0.15313935681470137
440,912.0,1992.0,0.6285714285714286,677.0,10147.731092436974,1368.4033613445379,255.46218487394958,11771.596638655461
441,912.0,1993.0,0.9444444444444445,926.0,10501.269841269841,3388.888888888889,115.3968253968254,14005.555555555557
442,912.0,1994.0,0.8820895522388059,1020.8,4056.5671641791046,1524.0298507462687,420.44776119402985,6001.044776119403
443,912.0,1995.0,0.8790199081163859,768.0,4162.174578866769,1563.7059724349158,431.39356814701375,6157.274119448698
444,912.0,1996.0,1.0072727272727273,742.1,11492.363636363636,2535.6363636363635,366.3636363636364,14394.363636363636
445,912.0,1997.0,1.0426716141001857,1176.1,13440.074211502784,2215.398886827458,289.7959183673469,15945.26901669759
446,912.0,1998.0,0.693359375,923.0,13139.2578125,2931.4453125,633.203125,16703.90625
447,912.0,1999.0,1.0,923.0,-81600.0,-18200.0,-7900.0,-107700.0
448,912.0,2000.0,1.0878661087866108,836.2,17198.535564853555,2770.92050209205,221.5481171548117,20191.004184100417
449,912.0,2001.0,1.1540404040404042,968.0,19531.060606060608,1978.2828282828284,325.0,21834.343434343435
450,912.0,2002.0,0.9233333333333333,957.4,12890.5,1305.6666666666667,214.5,14410.666666666666
451,912.0,2003.0,0.9731958762886598,1010.8,16620.20618556701,1672.3711340206187,592.9896907216495,18885.567010309278
452,912.0,2004.0,0.8709677419354839,922.8,21177.41935483871,769.3548387096774,287.09677419354836,22233.870967741936
453,912.0,2005.0,0.7109634551495018,568.5,24441.196013289038,3900.996677740864,1175.4152823920267,29517.607973421927
454,912.0,2006.0,1.0264026402640265,1116.4,29066.99669966997,4823.102310231024,1164.3564356435645,35054.455445544554
455,912.0,2007.0,1.1155115511551155,1037.4,24014.521452145214,4232.343234323433,1106.930693069307,29353.795379537954
456,912.0,2008.0,0.7575757575757576,1109.9,35820.07575757575,8247.348484848484,4164.393939393939,48231.81818181818
457,912.0,2009.0,0.9534883720930232,786.6,62895.3488372093,16535.658914728683,5495.3488372093025,84926.35658914728
458,913.0,1966.0,0.1774193548387097,682.0,199.19354838709677,47.17741935483871,18.548387096774192,264.9193548387097
459,913.0,1967.0,0.7988826815642458,1082.0,397.76536312849163,207.26256983240222,230.16759776536313,835.195530726257
460,913.0,1968.0,0.6712328767123288,1235.0,405.47945205479454,163.013698630137,265.06849315068496,833.5616438356165
461,913.0,1969.0,0.6793893129770993,1096.0,333.587786259542,94.65648854961832,21.374045801526716,449.618320610687
462,913.0,1970.0,0.47679324894514763,1084.0,258.2278481012658,60.75949367088607,22.362869198312236,341.3502109704641
463,913.0,1971.0,0.5903083700440529,1695.0,320.26431718061673,65.63876651982379,26.431718061674008,412.3348017621145
464,913.0,1972.0,0.3120300751879699,863.0,286.84210526315786,66.9172932330827,28.19548872180451,381.9548872180451
465,913.0,1973.0,0.4327731092436975,1292.0,335.7142857142857,86.9747899159664,38.23529411764706,460.92436974789916
466,913.0,1974.0,0.6470588235294118,1053.0,360.0,54.50980392156863,38.03921568627451,452.54901960784315
467,913.0,1975.0,0.6153846153846154,1059.0,407.69230769230774,63.24786324786325,42.73504273504274,513.6752136752137
468,913.0,1976.0,0.5964125560538117,1272.0,474.88789237668163,90.13452914798206,48.87892376681614,613.9013452914799
469,913.0,1977.0,0.6313131313131313,1258.0,755.5555555555555,166.16161616161617,95.95959595959596,1017.6767676767677
470,913.0,1978.0,0.5,1312.0,800.5,153.5,84.0,1038.0
471,913.0,1979.0,1.0,868.0,1361.0,303.0,129.0,1793.0
472,913.0,1980.0,0.6666666666666666,1224.0,453.3333333333333,115.33333333333333,56.666666666666664,625.3333333333334
473,913.0,1981.0,1.0,981.0,1576.0,299.0,181.0,2056.0
474,913.0,1982.0,0.9418604651162792,980.0,1088.953488372093,218.02325581395348,118.0232558139535,1425.0
475,913.0,1983.0,0.9390243902439025,1145.0,2010.3658536585367,331.70731707317077,164.02439024390245,2506.09756097561
476,913.0,1984.0,0.7046979865771812,1499.0,1977.8523489932886,389.93288590604027,151.6778523489933,2519.463087248322
477,913.0,1985.0,0.7891156462585034,1083.0,2242.857142857143,503.4013605442177,154.42176870748298,2900.6802721088434
478,913.0,1986.0,0.4702380952380953,1604.0,1898.8095238095239,666.6666666666667,223.21428571428572,2788.690476190476
479,913.0,1987.0,0.3430232558139535,1399.0,2288.953488372093,651.7441860465117,218.02325581395348,3158.720930232558
480,913.0,1988.0,0.40875912408759124,997.0,2983.2116788321164,753.2846715328467,332.11678832116786,4068.613138686131
481,913.0,1989.0,0.7022900763358778,1122.6,-0.7633587786259541,-0.7633587786259541,-0.7633587786259541,-0.7633587786259541
482,913.0,1990.0,0.6056338028169014,2002.0,-0.7042253521126761,-0.7042253521126761,-0.7042253521126761,-0.7042253521126761
483,913.0,1991.0,0.723404255319149,1464.0,-1.0638297872340425,-1.0638297872340425,-1.0638297872340425,-1.0638297872340425
484,913.0,1992.0,0.5913978494623656,859.0,5309.677419354838,2231.1827956989246,225.8064516129032,7766.666666666666
485,913.0,1993.0,0.5955056179775281,1103.0,6524.7191011235955,1384.2696629213483,133.7078651685393,8042.696629213483
486,914.0,1966.0,0.19999999999999998,717.0,870.0,370.0,130.0,1370.0
487,914.0,1967.0,1.0,1361.0,13100.0,8000.0,1000.0,22100.0
488,914.0,1968.0,1.0,1536.0,27600.0,2800.0,6400.0,36800.0
489,914.0,1969.0,1.0,1163.0,9200.0,4600.0,2000.0,15800.0
490,914.0,1970.0,0.0,1265.0,7000.0,3000.0,700.0,10700.0
491,914.0,1972.0,0.0,1144.0,25900.0,6400.0,3600.0,35900.0
492,914.0,1973.0,0.0,1494.0,15000.0,4900.0,3200.0,23100.0
493,914.0,1974.0,1.0,1218.0,28800.0,47100.0,3800.0,79700.0
494,914.0,1975.0,0.5555555555555556,1245.0,2055.5555555555557,488.8888888888889,200.0,2744.4444444444443
495,914.0,1981.0,0.0,1171.0,99.0,22.0,7.5,128.5
496,914.0,1990.0,0.6666666666666667,1329.0,-33.333333333333336,-33.333333333333336,-33.333333333333336,-33.333333333333336
497,915.0,1966.0,0.17816683831101954,981.0,18.125643666323377,2.265705458290422,1.4418125643666322,21.833161688980432
498,915.0,1967.0,0.7943994104642593,1390.0,17.686072218128224,3.1687546057479734,1.4738393515106853,22.328666175386882
499,915.0,1968.0,0.6687782805429864,1023.0,17.73755656108597,6.787330316742081,1.6289592760180995,26.153846153846153
500,915.0,1969.0,0.6787512588116819,932.0,16.51560926485398,5.438066465256798,1.5105740181268883,23.464249748237663
501,915.0,1970.0,0.4790996784565916,1278.0,16.012861736334404,3.0868167202572345,1.0932475884244373,20.192926045016076
502,915.0,1971.0,0.5835942391984972,1495.0,25.735754539762052,5.447714464621164,3.1308703819661865,34.3143393863494
503,915.0,1972.0,0.3139601139601139,1068.0,26.723646723646723,7.749287749287749,3.304843304843305,37.77777777777778
504,915.0,1973.0,0.01801801801801802,1396.0,36.03603603603604,8.751608751608751,5.46975546975547,50.25740025740026
505,915.0,1974.0,0.01440922190201729,1137.0,40.34582132564841,8.93371757925072,5.763688760806916,55.04322766570605
506,915.0,1975.0,0.019939577039274924,1144.0,49.909365558912384,7.613293051359516,3.806646525679758,61.32930513595166
507,915.0,1976.0,0.019961977186311788,1272.0,69.58174904942966,18.44106463878327,4.942965779467681,92.96577946768062
508,915.0,1977.0,0.018818948734587927,1242.0,63.33549643088903,6.813757300454251,4.3478260869565215,74.49707981829981
509,915.0,1978.0,0.5,1529.0,62.9375,12.625,5.5625,81.125
510,915.0,1979.0,0.25,673.0,90.0,21.375,8.0,119.375
511,915.0,1981.0,0.75,865.0,138.0,24.125,8.375,170.5
512,915.0,1982.0,0.3659022931206381,936.0,141.9740777666999,28.015952143569294,9.970089730807578,179.96011964107677
513,915.0,1983.0,0.47282139775668686,939.0,127.2648835202761,31.66522864538395,16.738567730802416,175.66867989646246
514,915.0,1984.0,0.46869409660107336,1285.0,281.7531305903399,64.13237924865832,19.499105545617173,365.3846153846154
515,915.0,1985.0,0.542709232096635,1122.0,308.0241587575496,92.83865401207937,25.970664365832615,426.83347713546164
516,915.0,1986.0,0.6099120703437251,1104.0,174.5003996802558,43.4052757793765,11.910471622701838,229.81614708233414
517,915.0,1987.0,0.5989698307579103,923.0,160.63281824871228,39.95584988962472,10.963944076526857,211.55261221486387
518,915.0,1988.0,0.38739789964994165,458.0,344.22403733955656,107.70128354725787,19.486581096849473,471.41190198366394
519,915.0,1989.0,0.5867850098619329,716.9,-0.09861932938856015,-0.09861932938856015,-0.09861932938856015,-0.09861932938856015
520,915.0,1990.0,0.650105708245243,1463.0,-0.10570824524312895,-0.10570824524312895,-0.10570824524312895,-0.10570824524312895
521,915.0,1991.0,0.7323943661971831,1112.0,-0.11737089201877934,-0.11737089201877934,-0.11737089201877934,-0.11737089201877934
522,915.0,1992.0,0.0967741935483871,658.0,1107.1960297766748,372.4565756823821,33.99503722084367,1513.6476426799006
523,915.0,1993.0,0.8028792912513844,1065.0,299.11406423034333,87.15393133997786,11.184939091915837,397.452934662237
524,916.0,1966.0,0.18292682926829268,1170.0,1048.780487804878,269.5121951219512,303.6585365853659,1621.9512195121952
525,916.0,1967.0,0.7884615384615384,1425.0,2069.230769230769,1330.7692307692307,369.2307692307692,3769.230769230769
526,916.0,1968.0,0.6666666666666667,1248.0,2311.904761904762,852.3809523809524,361.9047619047619,3526.190476190476
527,916.0,1969.0,0.6842105263157895,1271.0,3252.6315789473683,1955.2631578947369,1010.5263157894736,6218.421052631579
528,916.0,1970.0,0.475,1462.0,3852.5,1400.0,545.0,5797.5
529,916.0,1971.0,0.5714285714285715,1782.0,6014.285714285715,1177.142857142857,668.5714285714287,7860.000000000001
530,916.0,1972.0,0.30882352941176466,1292.0,3260.2941176470586,1136.764705882353,713.235294117647,5110.294117647059
531,916.0,1973.0,10.5625,1688.0,3640.625,1593.75,520.3125,5754.6875
532,916.0,1974.0,9.878787878787877,1375.0,4365.151515151515,1336.3636363636363,1130.3030303030303,6831.818181818181
533,916.0,1975.0,19.093023255813957,1383.0,5758.139534883721,1055.8139534883721,490.69767441860466,7304.6511627906975
534,916.0,1976.0,10.933333333333334,1272.0,5502.222222222222,2322.222222222222,908.8888888888889,8733.333333333334
535,916.0,1977.0,13.067796610169491,1483.0,5389.830508474576,1955.9322033898306,1388.1355932203392,8733.898305084746
536,916.0,1978.0,0.0,1570.0,3091.0,10115.0,623.0,13829.0
537,916.0,1979.0,0.0,910.0,3334.0,1649.0,449.0,5432.0
538,916.0,1980.0,1.0,1347.0,2960.0,2432.0,602.0,5994.0
539,916.0,1982.0,0.37037037037037035,1153.0,5575.925925925925,2096.296296296296,1101.8518518518517,8774.074074074073
540,916.0,1983.0,0.47368421052631576,1418.0,14252.631578947368,6057.894736842105,2560.5263157894738,22871.052631578947
541,916.0,1984.0,0.4615384615384615,1408.0,19292.30769230769,6810.25641025641,3348.7179487179487,29451.28205128205
542,916.0,1985.0,0.5526315789473684,1398.0,25473.684210526317,11007.894736842105,3965.7894736842104,40447.36842105263
543,916.0,1986.0,0.5714285714285715,1368.0,16937.14285714286,7645.714285714286,3291.4285714285716,27874.285714285717
544,916.0,1987.0,0.6,1330.0,31051.428571428572,14122.857142857143,5797.142857142858,50971.42857142857
545,916.0,1988.0,0.380952380952381,1203.0,66261.90476190476,32138.09523809524,14319.04761904762,112719.04761904762
546,916.0,1989.0,0.625,1157.5,-6.25,-6.25,-6.25,-6.25
547,916.0,1990.0,0.6666666666666667,1358.0,-4.166666666666667,-4.166666666666667,-4.166666666666667,-4.166666666666667
548,916.0,1991.0,0.7499999999999999,1235.0,-5.0,-5.0,-5.0,-5.0
549,916.0,1992.0,0.7692307692307693,907.0,32076.923076923074,23411.53846153846,3153.846153846154,58642.30769230769
550,916.0,1993.0,1.0,1124.0,110570.0,32920.0,2550.0,146040.0
551,917.0,1966.0,0.16666666666666669,1179.0,5466.666666666667,2033.3333333333335,733.3333333333334,8233.333333333334
552,917.0,1967.0,0.857142857142857,1276.0,4885.714285714285,4257.142857142857,328.57142857142856,9471.42857142857
553,917.0,1968.0,0.6666666666666667,1288.0,4916.666666666667,3366.666666666667,600.0,8883.333333333334
554,917.0,1969.0,0.7999999999999999,1128.0,5500.0,3780.0,560.0,9840.0
555,917.0,1970.0,0.39999999999999997,1241.0,5980.0,4420.0,500.0,10900.0
556,917.0,1971.0,0.6,1440.0,8700.0,2900.0,900.0,12500.0
557,917.0,1972.0,0.5,1094.0,29500.0,13250.0,4700.0,47450.0
558,917.0,1973.0,0.33333333333333337,1429.0,25933.333333333336,10033.333333333334,8100.0,44066.66666666667
559,917.0,1974.0,0.33333333333333337,1165.0,30700.0,8666.666666666668,5000.0,44366.66666666667
560,917.0,1975.0,0.5,1171.0,16650.0,4125.0,2075.0,22850.0
561,917.0,1976.0,0.5,1272.0,26900.0,10200.0,4450.0,41550.0
562,917.0,1977.0,0.5384615384615385,1435.0,4800.0,1892.3076923076922,676.9230769230769,7369.230769230769
563,917.0,1983.0,0.0,1363.0,107200.0,68500.0,30500.0,206200.0
564,917.0,1984.0,0.0,1497.0,196400.0,79700.0,33500.0,309600.0
565,917.0,1985.0,0.0,1125.0,291300.0,111400.0,65300.0,468000.0
566,917.0,1986.0,1.0,1240.0,242000.0,132300.0,56300.0,430600.0
567,917.0,1987.0,0.5,938.0,121000.0,66150.0,28250.0,215400.0
568,917.0,1988.0,0.33333333333333337,1523.0,118300.0,71066.66666666667,32966.66666666667,222333.33333333334
569,917.0,1989.0,0.0,1323.8,-100.0,-100.0,-100.0,-100.0
570,917.0,1992.0,1.0,1029.0,189200.0,150000.0,18300.0,357500.0
